,MAE,RMSE,R2
Linear Regression,161651.97219189646,213492.24412268834,0.6549466329406373
Random Forest,149280.4403074855,205474.01730061675,0.6803785708130164
